CustomerID,Age,Gender,Geography,CreditScore,Tenure,Balance,NumOfProducts,HasCrCard,IsActiveMember,EstimatedSalary,Exited
CUST00001,38,Female,France,641,6,122880.86,2,Yes,Yes,161637.17,No
CUST00002,26,Male,Spain,709,8,0.0,2,No,Yes,187563.95,No
CUST00003,36,Male,France,631,3,126766.48,2,Yes,No,157579.77,No
CUST00004,38,Male,Germany,600,5,137815.98,2,Yes,No,188513.48,Yes
CUST00005,55,Male,Spain,594,1,107136.57,2,Yes,Yes,149764.74,No
CUST00006,34,Male,France,662,10,87575.31,1,No,Yes,159347.98,Yes
CUST00007,26,Male,Spain,655,1,28216.45,2,Yes,Yes,78127.76,No
CUST00008,29,Female,Spain,613,4,0.0,1,Yes,Yes,199045.9,No
CUST00009,24,Male,France,668,2,104987.17,2,No,Yes,105934.83,No
CUST00010,47,Male,Spain,612,9,107372.95,2,Yes,No,48425.31,Yes
CUST00011,54,Female,Germany,744,5,13721.94,2,No,Yes,46208.1,No
CUST00012,21,Female,France,682,5,132001.73,1,Yes,Yes,136726.34,No
CUST00013,38,Male,France,726,5,87023.38,2,Yes,Yes,177086.75,No
CUST00014,41,Female,France,673,6,85933.9,2,Yes,No,24652.12,Yes
CUST00015,34,Male,Germany,797,6,117405.16,1,Yes,No,134405.56,Yes
CUST00016,33,Female,France,627,0,29143.0,1,No,Yes,149792.57,Yes
CUST00017,43,Female,France,535,2,61003.01,3,Yes,Yes,122510.81,No
CUST00018,46,Male,Germany,694,8,101816.9,2,Yes,No,85737.69,Yes
CUST00019,27,Male,Spain,711,4,69952.68,2,Yes,No,123102.93,Yes
CUST00020,52,Male,Germany,627,2,151579.79,1,Yes,Yes,133721.34,No
CUST00021,43,Male,France,709,10,58336.13,1,Yes,No,88312.04,No
CUST00022,34,Male,Spain,619,2,121040.6,1,Yes,No,116756.66,Yes
CUST00023,34,Male,Spain,640,0,128605.66,1,No,Yes,119884.36,No
CUST00024,44,Female,France,629,9,88827.06,1,Yes,Yes,72241.14,No
CUST00025,24,Female,Germany,529,9,95543.86,1,Yes,Yes,150895.93,No
CUST00026,66,Female,Germany,810,9,189395.43,2,Yes,Yes,165717.34,No
CUST00027,44,Male,Germany,607,5,124070.04,2,Yes,No,135566.89,No
CUST00028,27,Male,Germany,421,10,95089.32,2,Yes,Yes,87039.3,No
CUST00029,49,Male,France,706,0,145761.93,2,Yes,Yes,124040.4,No
CUST00030,46,Female,Germany,677,3,28578.22,1,Yes,Yes,184213.62,No
CUST00031,37,Female,France,555,2,59402.64,2,No,No,159210.35,No
CUST00032,58,Female,Spain,666,3,92951.63,2,Yes,Yes,85642.16,No
CUST00033,32,Male,Spain,850,2,0.0,1,Yes,Yes,41902.98,No
CUST00034,29,Female,France,725,9,42223.71,3,No,Yes,35020.38,No
CUST00035,31,Female,Spain,690,3,109678.41,2,Yes,No,49930.22,Yes
CUST00036,45,Female,France,581,8,109897.52,1,No,Yes,141015.2,Yes
CUST00037,26,Female,Spain,576,6,31142.87,1,Yes,Yes,100232.93,No
CUST00038,42,Male,Spain,621,10,33168.92,1,Yes,Yes,192745.51,Yes
CUST00039,39,Female,Spain,568,0,53281.2,1,Yes,Yes,96628.67,No
CUST00040,35,Male,France,604,1,30725.08,4,Yes,Yes,15554.02,Yes
CUST00041,26,Female,Spain,737,8,0.0,2,Yes,Yes,178269.76,No
CUST00042,41,Female,Spain,585,0,44148.25,2,Yes,Yes,169052.56,No
CUST00043,21,Male,Spain,647,2,51033.93,1,No,No,129752.22,No
CUST00044,49,Female,Spain,604,2,26957.24,1,Yes,Yes,131014.62,No
CUST00045,26,Male,France,726,2,101555.42,2,Yes,Yes,64923.88,Yes
CUST00046,35,Female,France,782,4,87982.85,2,Yes,Yes,34260.16,No
CUST00047,36,Female,Spain,691,6,26449.49,1,Yes,No,93343.05,Yes
CUST00048,40,Male,France,559,8,101910.01,1,Yes,Yes,131221.95,Yes
CUST00049,45,Female,Spain,641,7,124452.8,2,No,Yes,18482.77,No
CUST00050,31,Male,France,693,10,70397.53,2,No,Yes,183067.3,No
CUST00051,27,Male,Germany,705,7,152426.96,3,No,Yes,80104.9,No
CUST00052,69,Male,Spain,657,6,97635.84,2,Yes,No,114201.94,No
CUST00053,56,Male,France,566,8,144248.56,2,No,No,178315.63,Yes
CUST00054,22,Male,France,557,6,65913.6,2,Yes,No,175316.45,No
CUST00055,35,Female,France,727,9,27941.74,2,No,No,152222.79,Yes
CUST00056,37,Female,Spain,622,8,83328.45,1,Yes,No,128518.06,No
CUST00057,45,Male,Germany,724,10,90448.76,1,Yes,No,56118.51,Yes
CUST00058,42,Female,France,654,3,5706.34,1,No,No,163509.18,No
CUST00059,20,Male,Spain,678,2,13560.04,1,Yes,Yes,137903.91,No
CUST00060,31,Female,Spain,667,3,60184.31,2,No,No,156547.96,No
CUST00061,31,Female,France,577,2,77683.25,2,Yes,Yes,131267.93,No
CUST00062,53,Male,Spain,514,4,64944.0,2,Yes,Yes,159649.87,No
CUST00063,48,Female,France,671,1,49082.08,2,Yes,Yes,154066.31,No
CUST00064,39,Female,France,682,10,121721.61,1,Yes,Yes,146914.2,Yes
CUST00065,23,Female,Spain,581,10,88435.04,2,Yes,No,67489.49,Yes
CUST00066,43,Male,Germany,669,1,94512.92,2,Yes,Yes,199332.08,No
CUST00067,47,Female,Spain,686,7,191639.52,2,No,Yes,132699.56,No
CUST00068,32,Male,Germany,621,5,10671.99,1,Yes,No,148012.08,No
CUST00069,44,Male,Germany,669,0,68928.59,3,No,No,158317.43,No
CUST00070,27,Male,Spain,807,5,94841.23,2,Yes,No,75483.63,Yes
CUST00071,47,Male,France,542,7,91043.42,1,Yes,No,171759.15,Yes
CUST00072,44,Male,France,788,8,102484.46,2,Yes,Yes,37929.57,No
CUST00073,49,Male,France,525,1,66650.63,2,Yes,No,60278.63,No
CUST00074,39,Male,Spain,642,6,63154.21,1,Yes,No,81140.61,No
CUST00075,35,Female,France,754,0,56981.58,3,No,No,48695.93,No
CUST00076,46,Female,France,705,7,60048.0,2,Yes,Yes,78058.91,No
CUST00077,40,Female,Spain,459,6,48685.65,3,Yes,Yes,123201.46,No
CUST00078,49,Male,France,599,4,0.0,1,Yes,No,96877.77,Yes
CUST00079,48,Female,Germany,546,8,136753.96,2,Yes,Yes,117935.52,No
CUST00080,38,Male,France,546,7,44956.54,2,Yes,Yes,157528.12,Yes
CUST00081,54,Male,Spain,664,2,72138.83,1,Yes,No,77321.85,No
CUST00082,40,Female,France,636,3,46888.17,2,Yes,Yes,66819.06,No
CUST00083,45,Female,France,767,7,79866.12,1,Yes,No,135599.66,Yes
CUST00084,54,Male,Spain,738,0,7631.35,1,No,Yes,85265.58,No
CUST00085,46,Female,France,756,0,0.0,2,Yes,Yes,161928.35,No
CUST00086,33,Male,Spain,686,1,35653.96,3,No,No,196013.13,No
CUST00087,38,Male,Spain,621,2,31332.3,2,Yes,No,69553.47,Yes
CUST00088,36,Male,Germany,609,2,69224.74,2,No,Yes,35530.47,No
CUST00089,37,Female,France,586,1,34419.08,1,Yes,No,176362.5,Yes
CUST00090,31,Male,Germany,678,4,24458.42,1,No,No,196191.64,Yes
CUST00091,51,Female,Spain,568,4,155413.91,2,Yes,Yes,188204.54,No
CUST00092,35,Male,Spain,603,1,46325.49,1,No,Yes,77982.84,Yes
CUST00093,42,Male,Germany,654,8,29970.41,1,No,Yes,121041.27,No
CUST00094,39,Female,France,680,9,80715.56,2,Yes,Yes,47155.06,No
CUST00095,51,Female,Germany,444,5,62400.44,1,Yes,No,173154.95,Yes
CUST00096,31,Male,Spain,681,3,160008.69,1,Yes,No,157410.74,Yes
CUST00097,24,Female,France,578,7,63128.83,2,No,Yes,148076.02,No
CUST00098,48,Female,France,730,7,42316.4,1,No,Yes,183204.94,Yes
CUST00099,47,Male,Spain,643,9,121560.04,2,No,Yes,72274.55,No
CUST00100,39,Male,Spain,693,10,76933.73,3,No,No,192483.05,Yes
CUST00101,30,Female,Germany,575,9,98206.01,3,No,Yes,64071.37,No
CUST00102,31,Male,Spain,570,4,66398.55,1,No,Yes,91045.14,No
CUST00103,43,Female,Germany,702,6,44768.93,2,Yes,Yes,24448.39,Yes
CUST00104,37,Male,France,695,7,47142.03,1,Yes,No,136730.53,No
CUST00105,48,Female,France,663,5,31234.53,2,No,Yes,154216.34,No
CUST00106,45,Male,Germany,627,10,147177.71,1,Yes,No,45598.84,No
CUST00107,37,Female,France,772,7,179308.24,1,Yes,Yes,62552.47,No
CUST00108,45,Male,Spain,693,4,60939.6,2,Yes,No,46499.75,Yes
CUST00109,40,Male,Spain,717,10,167973.11,1,Yes,No,139870.77,Yes
CUST00110,51,Male,Spain,588,6,135529.99,1,No,No,92300.95,No
CUST00111,32,Female,Spain,799,10,132240.8,2,Yes,Yes,150520.07,No
CUST00112,44,Female,Spain,555,4,106040.2,1,Yes,Yes,25575.75,No
CUST00113,32,Male,France,592,1,71751.73,1,No,Yes,157619.62,Yes
CUST00114,23,Male,Spain,657,0,93132.17,4,No,Yes,173990.02,No
CUST00115,47,Female,France,602,6,54248.27,2,Yes,Yes,45669.51,No
CUST00116,52,Female,Spain,749,10,535.54,2,Yes,No,85898.48,Yes
CUST00117,44,Male,Spain,730,10,44695.64,2,Yes,Yes,77295.82,Yes
CUST00118,48,Female,Germany,630,8,58826.18,1,No,Yes,165197.54,No
CUST00119,26,Female,France,757,2,30828.82,1,Yes,Yes,33762.41,No
CUST00120,18,Female,Spain,530,7,39294.0,2,No,No,91107.79,No
CUST00121,24,Female,France,759,3,27189.21,2,Yes,No,93938.53,No
CUST00122,32,Female,Spain,643,6,98880.04,3,No,No,164302.76,Yes
CUST00123,23,Female,Germany,494,10,25458.72,1,No,Yes,65702.09,No
CUST00124,43,Female,Germany,614,5,96690.77,2,No,Yes,57083.47,No
CUST00125,29,Male,France,718,8,83535.08,2,Yes,Yes,89826.57,No
CUST00126,38,Female,Spain,683,7,87095.46,1,Yes,No,31078.3,No
CUST00127,40,Female,Spain,524,3,86650.85,1,Yes,Yes,53129.61,Yes
CUST00128,37,Male,Spain,682,0,85340.91,1,Yes,No,51574.48,Yes
CUST00129,34,Female,Germany,684,1,144390.01,2,No,No,156046.6,Yes
CUST00130,44,Female,France,653,6,82718.27,1,Yes,No,152435.24,Yes
CUST00131,49,Male,France,597,0,77668.17,4,Yes,No,73281.37,No
CUST00132,35,Male,Spain,534,9,111008.63,3,No,No,63466.1,Yes
CUST00133,48,Male,France,627,2,70442.13,4,No,No,168175.72,No
CUST00134,45,Female,France,794,9,74380.02,2,No,No,62939.25,No
CUST00135,58,Female,France,763,6,0.0,2,No,Yes,104859.12,No
CUST00136,38,Male,Germany,693,8,67021.07,2,Yes,Yes,103251.75,No
CUST00137,49,Female,Spain,682,9,102110.32,1,Yes,Yes,62889.56,No
CUST00138,37,Male,France,513,4,93948.91,2,Yes,No,121476.49,No
CUST00139,28,Male,Spain,717,3,87706.72,3,No,Yes,175012.62,Yes
CUST00140,68,Female,Germany,682,6,0.0,2,Yes,Yes,83557.96,No
CUST00141,61,Male,Spain,694,5,130989.98,3,Yes,No,60458.18,Yes
CUST00142,53,Female,Spain,580,3,33196.25,2,Yes,Yes,16654.23,No
CUST00143,47,Male,Spain,569,7,0.0,1,Yes,Yes,112128.85,No
CUST00144,32,Female,Spain,636,6,106475.38,2,Yes,Yes,198326.5,No
CUST00145,34,Female,Germany,596,1,95287.02,3,No,Yes,64106.46,No
CUST00146,40,Male,Germany,713,4,20743.65,1,Yes,No,27378.57,Yes
CUST00147,59,Female,Spain,559,7,125674.77,1,No,Yes,143580.5,No
CUST00148,48,Male,Spain,591,9,73817.43,2,No,Yes,127773.07,No
CUST00149,34,Female,France,704,2,120104.53,2,No,No,116914.74,No
CUST00150,39,Female,Germany,670,5,47128.13,1,Yes,No,166403.32,Yes
CUST00151,46,Female,Germany,706,4,68454.57,2,No,No,18852.83,No
CUST00152,29,Female,France,736,4,37191.87,1,No,No,141806.48,No
CUST00153,34,Male,France,593,3,91088.2,2,No,Yes,128656.9,No
CUST00154,39,Male,Spain,550,1,56213.87,1,Yes,No,140568.18,Yes
CUST00155,33,Male,France,726,7,184212.13,2,No,Yes,159410.03,No
CUST00156,56,Female,France,792,2,149705.02,2,Yes,No,130934.82,No
CUST00157,35,Male,Spain,627,4,27252.74,1,Yes,Yes,147608.97,No
CUST00158,50,Female,Spain,677,6,39536.47,1,Yes,Yes,196225.68,Yes
CUST00159,45,Female,Germany,655,1,123319.22,1,No,Yes,86057.37,No
CUST00160,37,Male,France,610,4,80575.89,1,Yes,Yes,32731.9,No
CUST00161,39,Male,France,727,5,66409.46,2,Yes,No,148618.78,No
CUST00162,35,Female,Germany,667,1,24688.41,1,Yes,Yes,51901.29,No
CUST00163,34,Female,France,712,10,37594.26,2,Yes,Yes,97615.54,No
CUST00164,49,Male,France,605,5,66845.69,1,Yes,No,134337.45,No
CUST00165,44,Male,France,661,5,21152.31,1,Yes,No,48297.4,Yes
CUST00166,23,Male,Germany,668,6,32869.05,3,Yes,No,19301.32,No
CUST00167,35,Female,Spain,698,3,66020.91,1,Yes,Yes,44374.49,No
CUST00168,33,Male,France,560,7,81031.25,2,No,Yes,119569.7,No
CUST00169,62,Male,Germany,574,4,10925.98,1,Yes,No,27145.56,Yes
CUST00170,35,Female,Spain,745,0,63038.19,3,No,No,76138.1,No
CUST00171,37,Male,Spain,643,3,83199.08,1,No,No,15701.39,No
CUST00172,29,Female,Spain,549,2,74391.52,1,No,No,110381.03,No
CUST00173,57,Female,France,516,2,64151.93,1,No,Yes,60685.98,Yes
CUST00174,36,Female,Germany,614,2,81917.6,2,No,Yes,20477.74,No
CUST00175,32,Female,France,714,9,39700.61,2,Yes,Yes,81434.04,No
CUST00176,24,Female,Spain,633,2,102283.45,1,Yes,Yes,131951.94,No
CUST00177,67,Male,France,634,10,151262.24,2,Yes,No,68562.25,No
CUST00178,23,Male,Spain,723,3,140701.48,2,Yes,Yes,87258.44,No
CUST00179,38,Male,Germany,724,9,63610.69,2,No,No,101420.27,Yes
CUST00180,34,Female,Spain,637,1,108217.61,4,Yes,No,98847.15,No
CUST00181,20,Male,Germany,764,1,66856.47,1,Yes,Yes,196763.22,Yes
CUST00182,33,Female,Spain,744,10,87185.35,2,Yes,No,164426.46,No
CUST00183,65,Male,Germany,563,2,68172.99,3,Yes,No,113602.49,Yes
CUST00184,34,Male,France,760,7,42865.03,1,Yes,Yes,146852.25,No
CUST00185,24,Female,Spain,449,6,6059.44,1,No,Yes,140868.27,No
CUST00186,39,Male,France,583,8,129227.74,1,Yes,No,16973.33,Yes
CUST00187,23,Male,France,635,7,8455.22,4,Yes,Yes,106885.36,No
CUST00188,36,Female,France,581,2,49055.94,2,Yes,No,42442.72,Yes
CUST00189,18,Female,Spain,713,4,38883.51,2,Yes,Yes,185189.23,Yes
CUST00190,32,Female,Germany,592,7,46095.5,3,Yes,Yes,54965.88,No
CUST00191,50,Female,Spain,725,10,78187.7,2,Yes,Yes,132002.0,No
CUST00192,26,Male,Germany,649,2,48616.55,1,Yes,Yes,77000.2,Yes
CUST00193,18,Male,Germany,583,1,75261.43,3,No,No,59063.1,Yes
CUST00194,29,Female,Germany,607,9,111084.32,2,Yes,Yes,49456.54,No
CUST00195,47,Female,Spain,486,2,86282.98,1,Yes,Yes,94167.83,No
CUST00196,38,Male,Germany,669,7,45310.38,1,Yes,Yes,31653.27,No
CUST00197,39,Male,Germany,467,5,52682.22,3,No,Yes,164072.41,No
CUST00198,44,Male,France,533,3,44972.11,2,No,Yes,61632.72,No
CUST00199,29,Female,Spain,651,1,118984.16,1,Yes,No,45537.96,Yes
CUST00200,32,Male,Germany,795,5,43284.42,1,Yes,No,155857.76,Yes
CUST00201,45,Male,France,680,8,15653.65,4,Yes,No,107114.55,Yes
CUST00202,28,Female,Spain,641,2,18844.58,1,Yes,No,119445.35,Yes
CUST00203,22,Female,Spain,613,4,0.0,1,Yes,Yes,17344.42,No
CUST00204,35,Female,Germany,597,8,91735.19,4,Yes,No,128519.43,Yes
CUST00205,47,Female,France,495,2,50993.81,2,No,Yes,101100.27,No
CUST00206,44,Male,Spain,845,2,69658.54,2,No,No,91606.93,No
CUST00207,39,Male,France,586,3,176017.22,1,No,Yes,151920.06,No
CUST00208,33,Female,Spain,677,6,107092.19,4,No,Yes,39825.69,No
CUST00209,23,Male,France,521,5,8112.09,1,Yes,Yes,121978.95,No
CUST00210,36,Male,Spain,693,0,30663.44,3,No,Yes,126867.36,No
CUST00211,55,Female,France,574,7,79367.36,3,No,Yes,51302.58,No
CUST00212,34,Male,Spain,543,1,46985.64,4,Yes,Yes,160814.23,No
CUST00213,35,Female,France,516,10,59582.25,1,Yes,Yes,84094.79,No
CUST00214,26,Male,Spain,706,5,12935.67,2,Yes,Yes,187332.25,No
CUST00215,24,Female,Spain,552,9,80727.74,2,Yes,Yes,166494.4,No
CUST00216,49,Male,Germany,530,1,93178.07,2,No,No,56078.41,No
CUST00217,43,Male,France,600,7,95804.4,2,No,No,130938.34,Yes
CUST00218,42,Female,France,589,2,0.0,1,Yes,No,61219.29,Yes
CUST00219,37,Male,France,598,8,71985.59,2,No,No,90928.25,Yes
CUST00220,42,Male,Spain,795,4,51544.76,2,Yes,No,124820.52,Yes
CUST00221,47,Female,France,654,2,44295.43,1,Yes,No,131987.04,No
CUST00222,27,Male,Spain,523,8,0.0,3,No,Yes,100250.83,No
CUST00223,41,Female,Spain,679,1,33346.93,3,Yes,Yes,94647.02,No
CUST00224,45,Male,Spain,646,3,66217.73,2,No,No,154719.93,No
CUST00225,29,Female,France,579,7,101822.36,1,Yes,Yes,186212.38,No
CUST00226,42,Male,Germany,621,6,110135.0,1,Yes,Yes,74024.77,No
CUST00227,42,Male,France,535,2,135633.69,4,No,No,111582.67,No
CUST00228,37,Female,Spain,806,9,36410.82,2,Yes,Yes,66464.84,No
CUST00229,18,Female,Spain,696,7,153586.76,3,Yes,No,84647.45,No
CUST00230,36,Male,Spain,663,4,172205.7,2,Yes,No,174484.61,No
CUST00231,49,Male,Spain,709,2,53617.51,2,Yes,Yes,130547.56,No
CUST00232,32,Female,Germany,545,4,27755.68,2,Yes,Yes,189089.63,No
CUST00233,37,Female,Spain,690,4,160973.55,1,Yes,Yes,103425.07,No
CUST00234,54,Male,Spain,672,3,85712.68,1,Yes,Yes,159376.93,No
CUST00235,43,Male,Spain,642,7,147901.04,4,No,Yes,55647.11,No
CUST00236,32,Male,France,627,1,11982.06,2,Yes,Yes,89779.48,No
CUST00237,25,Male,France,685,9,122136.14,1,Yes,Yes,93849.55,No
CUST00238,48,Female,France,727,8,33619.65,1,Yes,No,147594.92,No
CUST00239,57,Female,Germany,694,0,61399.17,1,Yes,No,143670.83,Yes
CUST00240,39,Female,France,583,9,43730.17,1,Yes,Yes,82711.92,No
CUST00241,41,Male,France,620,7,85050.19,1,No,Yes,194659.53,No
CUST00242,41,Male,Spain,523,6,135130.43,2,Yes,Yes,98906.59,No
CUST00243,59,Male,France,596,4,98140.34,2,Yes,No,30979.62,Yes
CUST00244,49,Female,Spain,653,5,86749.65,2,No,Yes,65444.6,Yes
CUST00245,32,Female,Germany,614,3,90208.11,1,Yes,Yes,114908.41,No
CUST00246,52,Male,Spain,665,3,122992.97,1,No,Yes,167814.52,Yes
CUST00247,42,Female,Germany,643,3,115305.9,2,Yes,Yes,67159.81,No
CUST00248,44,Female,Germany,747,4,146248.58,2,No,Yes,67167.87,No
CUST00249,44,Female,Germany,694,0,124717.39,4,No,No,77689.44,No
CUST00250,35,Female,Germany,636,9,119106.93,1,Yes,Yes,145905.23,No
CUST00251,28,Female,Germany,520,5,37639.73,1,No,Yes,113708.43,No
CUST00252,45,Male,Spain,674,1,74078.15,3,Yes,Yes,58107.84,No
CUST00253,39,Female,France,573,2,76455.08,1,Yes,No,65765.23,No
CUST00254,32,Female,France,727,8,76641.16,2,Yes,No,88878.78,No
CUST00255,46,Male,Spain,690,4,72383.11,2,Yes,No,50797.71,Yes
CUST00256,35,Male,Spain,605,7,103834.06,2,Yes,No,191733.85,No
CUST00257,45,Female,France,576,1,61685.27,1,Yes,No,152452.41,No
CUST00258,41,Male,Spain,656,4,119624.67,1,Yes,Yes,104546.04,No
CUST00259,40,Male,Germany,757,4,47604.23,1,Yes,No,184344.5,Yes
CUST00260,44,Male,Spain,628,0,36491.35,2,Yes,No,86239.44,No
CUST00261,18,Male,Germany,625,9,77172.76,2,Yes,No,169108.04,Yes
CUST00262,43,Female,Germany,740,0,90416.08,1,No,No,33238.02,No
CUST00263,35,Female,France,575,7,53578.76,2,Yes,Yes,117405.69,No
CUST00264,41,Male,France,515,6,17180.36,1,Yes,Yes,38084.02,No
CUST00265,37,Female,France,759,9,79552.68,2,No,No,105021.12,No
CUST00266,46,Male,France,625,5,24213.12,2,Yes,Yes,117247.64,No
CUST00267,33,Female,Germany,689,1,50298.07,2,No,Yes,165312.62,No
CUST00268,38,Female,France,665,5,161871.86,1,Yes,Yes,165564.65,Yes
CUST00269,52,Female,France,503,1,17092.3,3,Yes,No,91635.53,Yes
CUST00270,45,Male,France,640,0,95420.07,2,Yes,Yes,185977.15,No
CUST00271,45,Female,Germany,736,10,0.0,1,Yes,No,171134.0,No
CUST00272,28,Male,Germany,465,5,138143.82,1,Yes,No,184057.64,Yes
CUST00273,39,Male,Spain,612,10,74410.2,2,Yes,No,154625.58,No
CUST00274,46,Female,Germany,660,10,5329.28,1,Yes,No,169657.48,Yes
CUST00275,43,Female,France,738,4,55430.68,1,Yes,Yes,197222.21,No
CUST00276,41,Female,Spain,566,2,147868.45,2,Yes,Yes,162661.63,No
CUST00277,27,Female,France,610,10,77680.02,2,Yes,Yes,185289.96,No
CUST00278,40,Male,Germany,681,8,18612.8,1,Yes,No,99895.02,Yes
CUST00279,43,Female,Germany,592,4,71834.1,4,Yes,Yes,45499.5,No
CUST00280,41,Male,Spain,583,6,0.0,1,Yes,No,95038.2,No
CUST00281,52,Female,Spain,631,4,37256.17,2,Yes,No,37814.36,No
CUST00282,52,Male,Spain,756,5,81222.16,1,Yes,Yes,192902.04,No
CUST00283,53,Female,France,680,10,53972.16,2,No,No,183428.49,Yes
CUST00284,34,Male,France,727,5,74051.85,2,Yes,Yes,157664.24,No
CUST00285,30,Male,France,664,8,97426.01,1,Yes,Yes,72130.92,No
CUST00286,36,Male,France,680,8,134288.4,1,Yes,No,74022.34,No
CUST00287,39,Female,Spain,747,1,82734.33,3,Yes,Yes,54066.76,Yes
CUST00288,46,Male,France,643,2,75244.04,1,No,No,138131.56,No
CUST00289,25,Male,France,669,7,0.0,1,Yes,No,29873.39,No
CUST00290,30,Female,Germany,584,4,39202.07,4,Yes,Yes,78442.74,No
CUST00291,49,Male,France,551,2,74264.22,1,Yes,No,137210.65,Yes
CUST00292,41,Male,Spain,708,9,96057.34,2,Yes,No,41745.97,Yes
CUST00293,41,Female,France,683,10,152902.94,3,No,Yes,96314.0,No
CUST00294,25,Male,Spain,522,10,75216.96,1,No,Yes,44797.53,No
CUST00295,39,Female,Spain,715,5,73880.49,3,Yes,No,156748.48,No
CUST00296,48,Female,Spain,488,9,45805.18,2,Yes,Yes,173901.54,No
CUST00297,43,Male,France,617,7,103453.77,1,Yes,Yes,159502.23,No
CUST00298,34,Female,Germany,609,2,109405.17,2,Yes,No,109670.26,Yes
CUST00299,45,Female,France,630,8,138272.09,4,Yes,No,40024.02,No
CUST00300,34,Female,Germany,672,8,0.0,2,Yes,No,90640.97,Yes
CUST00301,46,Male,France,760,2,100183.25,2,Yes,No,106032.63,Yes
CUST00302,31,Male,Spain,725,5,83277.42,2,Yes,Yes,116019.57,No
CUST00303,30,Female,Germany,573,0,94749.41,1,Yes,Yes,74875.7,Yes
CUST00304,30,Male,France,590,1,121836.1,2,Yes,No,195265.25,Yes
CUST00305,46,Female,Spain,738,8,51854.1,1,Yes,Yes,17168.15,No
CUST00306,43,Female,Germany,809,2,64584.32,2,No,Yes,120675.65,No
CUST00307,33,Male,Germany,705,4,102451.58,2,Yes,Yes,173364.23,Yes
CUST00308,25,Male,France,689,10,115029.35,2,Yes,Yes,55327.74,No
CUST00309,25,Male,Germany,511,1,44876.27,4,Yes,Yes,132396.46,Yes
CUST00310,39,Female,Spain,653,6,100296.45,1,No,No,31348.86,No
CUST00311,28,Female,Spain,770,9,157237.16,1,Yes,No,155184.7,No
CUST00312,43,Female,Germany,617,2,54254.06,2,No,No,198231.73,No
CUST00313,42,Female,France,658,8,84155.71,1,Yes,Yes,28435.75,No
CUST00314,32,Female,Germany,650,4,48280.35,1,No,Yes,193736.89,No
CUST00315,28,Female,France,561,0,9858.04,2,Yes,No,75121.19,Yes
CUST00316,46,Female,Spain,532,3,59263.23,2,Yes,Yes,142834.86,No
CUST00317,39,Male,Spain,687,3,56803.83,2,Yes,Yes,147387.71,No
CUST00318,46,Male,France,617,1,59378.89,1,Yes,No,47171.9,Yes
CUST00319,32,Male,Germany,557,4,50160.19,1,Yes,No,17265.4,Yes
CUST00320,36,Female,France,653,5,149165.1,1,Yes,Yes,61518.28,No
CUST00321,22,Male,France,602,8,33900.85,2,No,Yes,123242.83,No
CUST00322,45,Female,Germany,717,8,56973.03,2,No,Yes,48420.55,No
CUST00323,30,Female,Germany,716,4,75832.4,1,Yes,No,79123.95,No
CUST00324,21,Female,France,590,2,78573.47,3,Yes,No,158521.49,Yes
CUST00325,29,Male,France,850,6,31009.94,3,Yes,No,196621.82,No
CUST00326,36,Male,Spain,657,9,81696.34,2,Yes,Yes,18430.55,No
CUST00327,28,Female,Germany,605,6,85849.07,3,Yes,Yes,121913.03,Yes
CUST00328,44,Male,Spain,697,0,76631.32,2,No,Yes,21631.95,No
CUST00329,35,Female,Germany,657,8,57196.16,2,Yes,Yes,91346.32,No
CUST00330,25,Male,France,558,0,99275.92,1,No,Yes,77586.48,Yes
CUST00331,33,Female,Germany,619,8,104949.31,2,Yes,Yes,17046.77,No
CUST00332,34,Female,France,600,4,125561.99,1,Yes,Yes,43488.25,No
CUST00333,33,Male,Spain,518,1,45813.93,1,No,Yes,78879.28,No
CUST00334,39,Male,Germany,773,9,80294.63,2,Yes,Yes,16603.07,Yes
CUST00335,45,Female,Spain,551,4,108404.44,1,Yes,No,44485.13,No
CUST00336,19,Female,Spain,724,9,103364.49,1,Yes,Yes,157203.71,Yes
CUST00337,60,Female,Germany,665,6,103814.27,2,Yes,No,38132.28,No
CUST00338,36,Male,France,590,0,83938.38,1,Yes,No,132701.96,Yes
CUST00339,49,Female,Germany,549,4,100429.56,1,Yes,Yes,174054.94,No
CUST00340,55,Female,Germany,540,3,0.0,2,No,Yes,149252.98,No
CUST00341,28,Female,Germany,487,10,119339.73,3,Yes,No,184045.08,Yes
CUST00342,35,Female,France,571,6,0.0,2,Yes,Yes,170954.87,No
CUST00343,46,Female,France,607,2,75189.96,2,Yes,Yes,142027.93,No
CUST00344,40,Male,Spain,784,6,48879.93,2,Yes,No,29960.41,Yes
CUST00345,50,Male,Germany,744,7,86659.65,1,Yes,Yes,186974.65,Yes
CUST00346,54,Female,Germany,555,4,90143.04,1,Yes,No,185222.92,Yes
CUST00347,53,Male,Germany,780,9,119805.63,2,No,No,183870.71,Yes
CUST00348,49,Male,Spain,516,7,85385.79,1,Yes,No,59777.78,Yes
CUST00349,41,Male,Spain,619,5,19349.84,1,No,No,21210.59,No
CUST00350,33,Male,Germany,786,8,65462.59,2,Yes,Yes,106813.71,Yes
CUST00351,33,Female,Germany,802,0,118276.69,1,No,Yes,62142.51,No
CUST00352,39,Male,Germany,704,2,7233.03,1,No,No,55821.59,Yes
CUST00353,31,Female,Germany,766,9,38303.16,1,No,No,18394.72,Yes
CUST00354,37,Female,Germany,767,1,107819.25,1,Yes,No,149466.28,No
CUST00355,34,Female,Germany,595,5,61256.89,1,Yes,Yes,39392.73,Yes
CUST00356,46,Male,Spain,565,2,89808.44,2,Yes,Yes,69756.27,No
CUST00357,46,Female,France,690,5,79632.7,2,Yes,Yes,145709.42,Yes
CUST00358,22,Male,Spain,705,1,139922.19,2,Yes,Yes,63269.84,Yes
CUST00359,49,Male,France,647,1,47110.15,1,Yes,Yes,104138.3,No
CUST00360,31,Female,Germany,626,7,29092.49,2,Yes,No,194338.39,No
CUST00361,21,Female,Germany,476,7,33582.59,1,Yes,No,137692.56,Yes
CUST00362,39,Female,Germany,718,10,163365.69,4,Yes,No,40307.01,No
CUST00363,45,Male,Germany,699,3,168585.26,2,No,Yes,126628.51,No
CUST00364,34,Female,Spain,790,5,135145.18,1,No,Yes,191987.1,No
CUST00365,38,Male,Spain,691,8,84817.9,2,Yes,Yes,83836.8,No
CUST00366,38,Male,France,722,0,83725.01,1,Yes,Yes,113058.81,No
CUST00367,45,Female,Germany,671,9,75948.02,2,Yes,No,163086.29,Yes
CUST00368,30,Male,Germany,743,1,101935.64,2,Yes,No,82175.32,No
CUST00369,45,Female,Spain,577,6,115787.97,1,Yes,Yes,46319.82,Yes
CUST00370,46,Female,Germany,822,1,93889.69,3,No,No,26800.74,No
CUST00371,28,Male,Germany,707,7,12242.93,1,Yes,Yes,113279.13,No
CUST00372,45,Male,Germany,793,4,94809.75,2,No,No,117734.56,Yes
CUST00373,27,Male,Spain,701,8,42507.44,2,No,No,159992.1,No
CUST00374,34,Male,Spain,528,8,65252.88,4,Yes,No,22849.13,No
CUST00375,41,Male,France,727,9,111665.86,3,Yes,No,179072.52,No
CUST00376,39,Male,Spain,695,1,122947.66,1,Yes,Yes,85947.82,Yes
CUST00377,38,Male,Germany,621,4,72919.47,1,Yes,Yes,151830.33,No
CUST00378,27,Female,Spain,704,5,161490.49,2,Yes,Yes,24449.61,No
CUST00379,32,Female,France,675,4,83562.09,2,Yes,Yes,67863.61,No
CUST00380,25,Female,Spain,736,1,69345.15,1,Yes,Yes,84772.43,No
CUST00381,44,Female,Spain,626,4,65953.46,2,No,Yes,40866.2,No
CUST00382,34,Male,Germany,767,10,81062.86,1,Yes,No,24021.2,Yes
CUST00383,33,Male,Spain,667,9,90967.04,1,No,Yes,38382.28,No
CUST00384,44,Male,Spain,643,8,71103.66,1,No,No,113287.94,No
CUST00385,24,Female,France,582,3,0.0,1,Yes,Yes,83007.07,No
CUST00386,38,Female,Spain,706,8,147489.74,3,Yes,Yes,49805.21,Yes
CUST00387,27,Female,Germany,603,6,145445.65,2,Yes,Yes,38171.62,No
CUST00388,35,Female,Germany,674,8,80512.16,1,No,Yes,180791.83,Yes
CUST00389,26,Female,France,622,8,145698.47,1,Yes,Yes,186667.71,Yes
CUST00390,45,Female,Germany,794,5,90037.4,1,Yes,No,95722.04,No
CUST00391,30,Female,Spain,682,9,65379.36,1,Yes,Yes,55535.52,No
CUST00392,41,Female,Spain,747,7,178260.82,2,No,Yes,30201.24,No
CUST00393,41,Male,Spain,608,6,101161.16,1,Yes,Yes,92521.03,No
CUST00394,41,Female,Germany,642,7,55711.73,2,Yes,Yes,132646.68,No
CUST00395,35,Male,France,619,2,21532.1,2,No,Yes,140623.65,No
CUST00396,45,Female,Spain,679,10,82233.57,1,Yes,Yes,157119.18,No
CUST00397,18,Male,France,628,5,126869.67,2,No,Yes,36604.22,No
CUST00398,44,Male,Germany,579,0,64135.54,2,No,Yes,59135.09,Yes
CUST00399,44,Female,Germany,619,10,102637.33,2,Yes,Yes,58123.71,No
CUST00400,23,Male,France,663,7,107028.95,1,No,Yes,106176.21,No
CUST00401,21,Male,Spain,699,9,41470.69,1,No,Yes,118701.6,No
CUST00402,32,Female,France,600,4,64677.0,1,Yes,Yes,26977.62,No
CUST00403,43,Male,Germany,613,8,38580.83,1,Yes,Yes,125383.21,No
CUST00404,39,Male,Germany,652,6,76291.31,3,No,Yes,119102.77,Yes
CUST00405,18,Male,France,720,10,95702.1,1,No,No,148276.1,No
CUST00406,34,Male,France,663,1,152551.17,2,Yes,No,148370.1,No
CUST00407,31,Female,Spain,635,6,106451.05,4,Yes,No,97182.64,No
CUST00408,31,Female,Spain,695,4,26346.51,2,Yes,Yes,80807.05,No
CUST00409,42,Male,Spain,568,9,0.0,1,Yes,No,77866.73,Yes
CUST00410,31,Female,France,599,6,25493.15,2,Yes,No,59882.11,No
CUST00411,40,Female,Spain,603,0,146781.06,2,Yes,Yes,51090.14,No
CUST00412,34,Female,Germany,667,1,87099.02,2,Yes,Yes,191550.47,Yes
CUST00413,28,Male,Germany,700,7,119649.41,1,Yes,No,135638.06,Yes
CUST00414,39,Male,France,714,0,90147.35,1,Yes,Yes,175092.12,Yes
CUST00415,21,Female,Germany,708,2,0.0,1,Yes,No,133377.55,Yes
CUST00416,39,Female,France,556,3,0.0,2,No,Yes,45366.61,Yes
CUST00417,30,Female,Spain,534,7,86006.77,1,Yes,No,181260.02,Yes
CUST00418,35,Male,Germany,515,9,0.0,1,Yes,Yes,153434.77,No
CUST00419,29,Male,Germany,758,7,60047.12,2,No,No,62849.99,No
CUST00420,45,Female,France,734,6,85547.46,1,Yes,No,111754.91,No
CUST00421,36,Female,France,687,4,118018.02,2,Yes,No,157533.63,No
CUST00422,47,Male,Germany,528,7,36017.19,2,No,Yes,149733.6,No
CUST00423,33,Female,France,771,9,99694.87,2,Yes,Yes,64894.25,No
CUST00424,28,Male,France,657,9,107267.68,2,No,Yes,26324.98,Yes
CUST00425,42,Male,France,693,1,86291.95,1,No,Yes,190502.75,Yes
CUST00426,42,Male,France,560,2,113135.62,1,Yes,Yes,123082.09,No
CUST00427,41,Male,Spain,688,9,102999.88,1,Yes,Yes,107389.39,Yes
CUST00428,47,Male,France,739,5,0.0,2,Yes,Yes,43844.99,No
CUST00429,58,Male,Germany,478,2,34139.29,2,Yes,No,33990.81,No
CUST00430,52,Female,France,687,6,124524.91,4,No,Yes,99597.39,No
CUST00431,52,Female,Germany,614,10,146146.29,1,No,No,103779.55,Yes
CUST00432,35,Male,Spain,606,7,62515.29,1,Yes,Yes,160454.29,No
CUST00433,30,Male,France,604,10,26795.14,2,No,Yes,85152.99,Yes
CUST00434,36,Female,Germany,573,5,27207.01,1,Yes,Yes,134816.96,No
CUST00435,46,Female,Germany,665,7,26365.11,1,No,No,78359.77,Yes
CUST00436,62,Female,Spain,611,2,94624.49,2,No,No,199128.32,No
CUST00437,54,Female,Germany,609,8,0.0,2,Yes,No,96869.4,Yes
CUST00438,53,Male,Germany,850,3,113287.54,3,No,Yes,116482.89,Yes
CUST00439,23,Male,France,743,4,83636.8,2,Yes,Yes,185582.95,Yes
CUST00440,44,Male,France,588,5,5460.77,3,Yes,Yes,138103.1,No
CUST00441,31,Female,Spain,611,8,88684.14,1,Yes,Yes,25440.58,No
CUST00442,23,Female,Spain,532,7,65736.26,1,No,No,113279.43,No
CUST00443,43,Male,Spain,682,4,46313.48,1,Yes,No,40628.51,No
CUST00444,38,Male,France,671,5,61929.64,1,Yes,No,113718.95,Yes
CUST00445,19,Male,Spain,656,6,77678.3,1,No,Yes,154242.91,No
CUST00446,37,Male,France,678,7,85747.8,2,Yes,No,136044.24,No
CUST00447,39,Female,Spain,752,7,38389.43,1,No,No,190345.3,No
CUST00448,41,Male,Germany,598,8,23098.99,1,Yes,No,121131.62,No
CUST00449,49,Male,France,672,4,96304.59,1,Yes,Yes,102669.54,Yes
CUST00450,49,Female,Spain,735,6,48475.3,1,Yes,Yes,32261.83,No
CUST00451,18,Female,France,640,8,41245.3,3,Yes,Yes,155561.79,No
CUST00452,32,Female,Germany,784,4,56745.58,2,No,Yes,30308.15,No
CUST00453,35,Female,Spain,709,5,73560.06,4,No,No,86227.48,No
CUST00454,31,Male,France,808,6,24826.81,1,Yes,Yes,71118.43,Yes
CUST00455,44,Female,France,680,5,141925.9,4,No,Yes,96227.17,Yes
CUST00456,28,Female,France,659,9,63573.18,1,Yes,No,66147.06,No
CUST00457,24,Female,France,641,2,59924.46,1,Yes,Yes,56854.81,No
CUST00458,42,Male,France,615,9,61990.46,1,Yes,Yes,48160.36,No
CUST00459,51,Male,Spain,802,3,114981.17,2,Yes,Yes,179281.15,No
CUST00460,43,Male,Germany,543,0,42638.87,2,No,Yes,52743.56,No
CUST00461,47,Male,France,712,2,73473.64,3,Yes,No,124505.25,No
CUST00462,49,Female,France,572,4,27878.35,1,Yes,No,39759.6,No
CUST00463,27,Male,France,697,1,70336.85,1,No,Yes,45229.91,No
CUST00464,39,Female,Germany,692,10,101321.98,3,Yes,Yes,176674.85,No
CUST00465,22,Male,France,662,6,129722.64,3,Yes,No,21416.07,Yes
CUST00466,40,Female,Spain,658,0,180472.41,2,No,Yes,16660.29,No
CUST00467,30,Male,Germany,644,6,59752.71,1,Yes,Yes,96955.61,Yes
CUST00468,42,Female,Spain,597,6,74385.93,1,No,No,144586.98,No
CUST00469,35,Female,France,728,1,105268.75,3,No,Yes,99510.16,Yes
CUST00470,53,Female,France,690,7,44797.77,1,Yes,No,160237.26,No
CUST00471,39,Male,France,650,10,51409.13,2,Yes,Yes,94469.65,Yes
CUST00472,51,Female,Spain,588,9,66953.01,1,Yes,Yes,68456.5,No
CUST00473,37,Female,Germany,477,4,76169.98,1,Yes,Yes,88378.76,No
CUST00474,56,Male,Spain,710,5,63648.17,2,No,Yes,195042.03,No
CUST00475,23,Male,Spain,617,3,147570.59,2,No,No,104595.04,No
CUST00476,34,Female,Spain,590,1,13301.69,1,No,Yes,168697.62,No
CUST00477,37,Male,France,622,4,117737.92,2,No,Yes,159530.54,No
CUST00478,36,Female,France,713,1,44627.19,1,Yes,Yes,152147.46,No
CUST00479,55,Female,Spain,784,4,43531.3,1,No,No,136094.92,No
CUST00480,38,Female,France,767,9,94375.29,2,No,No,73408.46,No
CUST00481,48,Female,France,666,1,29530.67,1,Yes,Yes,93264.04,Yes
CUST00482,39,Female,France,746,10,182155.03,1,Yes,No,126597.86,No
CUST00483,54,Female,France,687,0,114999.38,2,Yes,Yes,150440.52,No
CUST00484,47,Female,Germany,761,10,97759.57,1,Yes,No,55934.67,No
CUST00485,56,Female,Germany,654,9,102547.96,2,Yes,Yes,77231.46,No
CUST00486,45,Female,France,630,3,85441.59,2,Yes,No,33371.45,Yes
CUST00487,42,Female,France,709,1,58271.27,1,Yes,No,72948.14,No
CUST00488,41,Female,Germany,623,0,37863.58,2,Yes,Yes,30062.62,No
CUST00489,56,Female,Spain,599,4,119279.03,3,Yes,Yes,126053.33,Yes
CUST00490,33,Female,Spain,649,4,44178.46,1,No,No,75213.87,Yes
CUST00491,31,Female,France,613,8,86861.43,3,Yes,No,87783.13,No
CUST00492,23,Male,Germany,685,3,58008.04,1,Yes,Yes,129673.75,No
CUST00493,26,Male,Spain,544,2,31536.4,2,Yes,Yes,105185.62,No
CUST00494,39,Male,France,687,8,61502.92,2,No,No,59316.41,No
CUST00495,25,Female,France,594,6,119894.15,1,No,Yes,128044.07,No
CUST00496,32,Male,Germany,578,6,29907.73,1,Yes,No,19550.38,No
CUST00497,60,Female,France,684,5,42793.5,2,Yes,No,44047.45,No
CUST00498,46,Male,Germany,536,4,85479.05,1,No,Yes,79060.68,No
CUST00499,29,Female,Spain,432,7,68211.15,4,Yes,Yes,83244.33,Yes
CUST00500,19,Male,France,748,9,91404.08,3,Yes,Yes,164599.65,Yes
CUST00501,38,Male,Spain,592,1,61058.32,2,Yes,Yes,57523.29,Yes
CUST00502,36,Female,Germany,641,4,107920.44,2,Yes,Yes,176706.65,No
CUST00503,45,Male,Spain,650,6,37882.05,2,Yes,Yes,33007.98,No
CUST00504,22,Female,Germany,530,7,153355.12,2,No,Yes,194616.74,Yes
CUST00505,42,Female,Germany,724,8,34519.45,1,Yes,Yes,121538.63,No
CUST00506,38,Female,Germany,651,0,96063.57,3,Yes,Yes,124083.48,Yes
CUST00507,28,Female,France,650,9,0.0,1,Yes,Yes,55283.88,No
CUST00508,34,Male,Spain,690,9,58661.41,2,No,Yes,157014.11,No
CUST00509,36,Female,Spain,609,4,125801.45,4,No,No,62017.95,Yes
CUST00510,41,Male,Spain,560,0,77842.16,2,Yes,Yes,124825.29,No
CUST00511,48,Female,Spain,671,1,59133.88,2,Yes,Yes,188378.31,Yes
CUST00512,29,Female,Spain,675,5,63917.85,1,Yes,Yes,49288.15,No
CUST00513,41,Female,Germany,619,7,49655.93,1,Yes,Yes,171300.26,No
CUST00514,28,Female,France,651,3,171055.52,3,Yes,Yes,171248.72,No
CUST00515,38,Female,France,599,7,97877.62,1,No,Yes,97948.38,No
CUST00516,48,Female,Germany,607,6,142383.73,2,No,Yes,183179.19,No
CUST00517,56,Male,Spain,610,6,138965.78,2,Yes,No,122269.07,Yes
CUST00518,37,Female,Spain,600,5,131246.26,1,Yes,Yes,38728.68,Yes
CUST00519,60,Male,Germany,699,7,39662.67,1,Yes,No,92158.74,No
CUST00520,50,Female,Germany,673,3,97739.8,1,No,No,113793.61,Yes
CUST00521,45,Male,France,514,1,86318.35,1,Yes,Yes,150571.68,No
CUST00522,37,Male,France,546,0,6976.69,1,No,No,69750.08,Yes
CUST00523,18,Male,Spain,553,8,35260.39,2,Yes,Yes,89266.4,No
CUST00524,32,Female,Germany,732,3,36706.76,2,Yes,Yes,118164.84,No
CUST00525,39,Male,France,578,2,48131.18,3,Yes,Yes,122697.01,No
CUST00526,30,Male,Germany,684,7,118888.76,1,No,No,102959.43,Yes
CUST00527,43,Male,Germany,724,9,40485.63,2,No,Yes,189015.98,No
CUST00528,44,Male,France,686,3,0.0,1,Yes,No,184822.78,No
CUST00529,38,Male,France,748,0,166149.48,2,No,Yes,76342.44,Yes
CUST00530,35,Female,Spain,533,1,111311.62,1,Yes,No,52594.27,No
CUST00531,39,Female,Spain,664,10,58907.95,1,Yes,No,165502.57,No
CUST00532,53,Female,France,665,4,153684.22,2,No,Yes,77351.71,No
CUST00533,26,Male,France,593,10,99478.25,1,No,Yes,138074.29,No
CUST00534,42,Male,Germany,637,2,42165.89,1,No,No,186660.59,Yes
CUST00535,55,Male,Spain,696,5,110674.5,2,No,Yes,75041.3,Yes
CUST00536,35,Female,Germany,585,7,0.0,3,Yes,Yes,43335.25,Yes
CUST00537,44,Female,Spain,645,10,85608.55,4,No,Yes,183423.06,No
CUST00538,49,Male,France,628,9,66989.01,2,No,Yes,174299.28,No
CUST00539,38,Male,Spain,733,9,30393.24,1,No,No,60296.45,No
CUST00540,35,Male,Germany,642,1,128548.37,3,No,Yes,157854.45,Yes
CUST00541,18,Male,Germany,627,9,59226.6,2,Yes,No,140082.29,No
CUST00542,41,Male,France,595,9,97181.45,1,Yes,Yes,62046.88,No
CUST00543,34,Male,Germany,574,2,100273.52,3,No,Yes,192050.15,Yes
CUST00544,48,Female,Germany,653,7,72209.29,2,Yes,Yes,116762.07,Yes
CUST00545,26,Female,France,569,0,50867.44,2,Yes,No,170235.7,Yes
CUST00546,23,Male,Spain,628,4,27250.36,1,Yes,No,158802.17,No
CUST00547,34,Female,Germany,569,2,97605.66,1,Yes,No,105702.71,Yes
CUST00548,43,Male,France,683,7,51813.24,1,Yes,No,103893.48,No
CUST00549,42,Male,France,646,3,47153.94,2,No,No,90069.4,Yes
CUST00550,48,Female,France,683,9,84175.73,3,No,Yes,110262.8,No
CUST00551,36,Male,Germany,584,7,35073.75,2,Yes,Yes,127390.32,No
CUST00552,35,Female,France,635,9,114299.14,2,Yes,Yes,125467.66,No
CUST00553,38,Male,France,733,1,96972.01,1,Yes,Yes,129180.32,Yes
CUST00554,42,Female,Spain,575,3,53969.79,1,Yes,Yes,78651.92,No
CUST00555,27,Male,France,624,5,22049.18,1,Yes,No,172650.68,No
CUST00556,54,Male,Germany,664,0,119273.29,1,Yes,No,33480.93,Yes
CUST00557,47,Male,Spain,541,10,131010.81,2,Yes,Yes,140297.65,No
CUST00558,43,Female,Germany,756,7,62123.11,1,Yes,No,23554.69,No
CUST00559,45,Female,Spain,748,1,53324.61,3,No,Yes,38060.03,Yes
CUST00560,31,Female,Germany,801,4,59106.87,4,No,No,142885.01,Yes
CUST00561,65,Male,Germany,593,8,19826.03,3,Yes,Yes,191950.17,No
CUST00562,44,Male,Germany,646,9,44050.99,1,Yes,Yes,167439.39,No
CUST00563,42,Female,France,497,5,149181.87,3,Yes,No,153225.59,No
CUST00564,32,Male,France,534,1,0.0,1,Yes,No,174517.51,No
CUST00565,37,Female,France,773,2,51811.71,1,Yes,No,71377.93,No
CUST00566,39,Female,Germany,738,0,43305.63,1,Yes,No,135223.46,Yes
CUST00567,47,Male,Spain,542,6,49985.06,4,Yes,No,30955.44,Yes
CUST00568,31,Female,Germany,510,0,171604.45,3,Yes,No,22519.26,Yes
CUST00569,35,Male,France,633,10,49654.51,1,Yes,No,130259.36,Yes
CUST00570,39,Female,Spain,709,6,112725.8,1,Yes,No,166422.82,No
CUST00571,44,Male,Germany,686,6,123696.63,1,No,Yes,191608.57,No
CUST00572,22,Female,France,642,4,102956.2,1,Yes,Yes,79816.49,No
CUST00573,25,Male,France,578,6,0.0,2,Yes,Yes,81081.2,No
CUST00574,45,Female,France,590,10,58988.01,1,Yes,No,96840.5,Yes
CUST00575,43,Male,Spain,538,4,89391.05,2,Yes,Yes,91454.98,Yes
CUST00576,38,Male,Germany,648,4,115567.57,1,Yes,Yes,88833.9,No
CUST00577,38,Female,Spain,782,1,90477.37,1,No,Yes,65482.58,Yes
CUST00578,46,Male,Spain,682,0,0.0,4,No,Yes,67648.29,Yes
CUST00579,61,Male,France,603,9,47153.11,2,Yes,Yes,162612.65,No
CUST00580,35,Male,Germany,648,9,134107.69,2,No,Yes,132958.35,No
CUST00581,35,Male,Germany,732,1,0.0,2,Yes,No,42786.21,No
CUST00582,39,Male,Spain,667,10,146858.27,2,No,No,123359.71,Yes
CUST00583,66,Female,Germany,637,3,18771.01,2,Yes,Yes,145130.05,Yes
CUST00584,46,Male,Germany,618,3,14860.23,1,No,No,27284.01,No
CUST00585,23,Female,Germany,556,8,82306.31,2,Yes,Yes,118274.44,No
CUST00586,43,Male,Spain,687,1,82565.66,1,No,No,104025.69,No
CUST00587,40,Male,Germany,600,4,169171.99,1,Yes,No,23713.79,Yes
CUST00588,46,Female,Spain,713,2,148061.67,1,Yes,Yes,133908.73,No
CUST00589,42,Female,France,577,0,80068.58,2,No,No,127040.1,No
CUST00590,40,Female,Spain,645,3,28249.78,2,Yes,Yes,156493.43,No
CUST00591,18,Female,Spain,621,8,62439.97,2,Yes,Yes,147001.58,No
CUST00592,28,Female,Germany,691,9,2291.34,1,No,Yes,48802.32,No
CUST00593,34,Male,Germany,779,4,89333.51,1,Yes,Yes,17835.0,Yes
CUST00594,24,Female,France,642,7,78964.14,1,Yes,Yes,120201.82,No
CUST00595,33,Female,Germany,582,5,131116.35,1,Yes,No,42509.63,Yes
CUST00596,35,Female,Spain,791,2,88535.79,1,Yes,No,80645.33,No
CUST00597,28,Male,Spain,550,2,23181.17,1,Yes,Yes,57508.53,Yes
CUST00598,31,Female,Germany,617,8,135292.19,1,Yes,Yes,99122.21,No
CUST00599,26,Female,Spain,709,9,7582.4,2,No,Yes,84936.55,Yes
CUST00600,31,Male,Germany,772,7,58820.68,2,Yes,Yes,191057.25,Yes
CUST00601,39,Female,France,559,6,129768.35,1,Yes,No,80243.92,No
CUST00602,41,Female,Spain,621,7,170641.08,1,Yes,Yes,141886.3,Yes
CUST00603,38,Male,Germany,701,5,49080.04,2,Yes,Yes,69070.21,No
CUST00604,56,Male,Spain,544,4,31195.36,1,Yes,No,89317.85,Yes
CUST00605,44,Female,France,742,5,95943.62,1,Yes,Yes,89835.07,Yes
CUST00606,44,Male,Germany,619,1,99629.78,1,Yes,No,130261.08,Yes
CUST00607,31,Female,France,557,9,23862.3,4,Yes,Yes,32105.96,No
CUST00608,46,Female,Spain,768,1,66661.3,2,Yes,No,113636.56,No
CUST00609,18,Male,Germany,619,8,170251.21,2,No,Yes,83642.84,No
CUST00610,49,Female,France,621,8,76947.03,1,No,Yes,15701.25,No
CUST00611,37,Female,Germany,733,6,79639.33,3,No,Yes,177758.84,No
CUST00612,63,Female,France,631,0,45776.57,2,Yes,No,73663.83,Yes
CUST00613,45,Male,France,676,2,90420.62,1,Yes,Yes,35770.43,No
CUST00614,46,Male,Spain,666,7,41409.71,4,No,Yes,67965.67,Yes
CUST00615,26,Male,France,516,0,51254.28,2,Yes,No,80282.45,Yes
CUST00616,34,Female,France,592,10,48012.38,2,Yes,No,113687.13,No
CUST00617,43,Female,France,773,5,66624.3,3,No,Yes,20875.14,Yes
CUST00618,47,Female,Spain,716,5,87095.86,1,Yes,Yes,167454.63,Yes
CUST00619,22,Male,France,653,1,25102.0,3,Yes,No,135321.55,No
CUST00620,24,Male,Spain,642,6,53943.41,2,No,No,52500.71,No
CUST00621,34,Male,France,545,1,54176.28,1,Yes,Yes,19872.69,Yes
CUST00622,38,Male,France,705,8,77126.1,3,Yes,Yes,118326.15,No
CUST00623,28,Male,Germany,567,4,161284.39,1,No,Yes,193820.18,Yes
CUST00624,41,Male,Germany,577,9,122309.69,3,No,Yes,134166.41,No
CUST00625,38,Female,Spain,623,6,38959.37,1,Yes,No,16552.61,No
CUST00626,18,Female,Spain,624,4,33122.8,2,Yes,No,102088.58,No
CUST00627,31,Female,Spain,709,9,90066.56,1,Yes,No,59744.41,Yes
CUST00628,32,Female,Germany,585,4,28333.07,1,Yes,No,142593.86,Yes
CUST00629,45,Female,France,797,2,14415.07,2,Yes,Yes,32478.17,No
CUST00630,38,Female,Germany,723,10,1402.15,2,Yes,Yes,56298.4,No
CUST00631,35,Female,Spain,731,0,143910.63,2,Yes,Yes,26271.92,No
CUST00632,46,Female,France,639,8,108446.82,4,Yes,Yes,105491.86,No
CUST00633,41,Female,France,712,2,17354.32,2,No,No,101302.18,Yes
CUST00634,25,Female,Germany,781,8,87948.04,2,Yes,Yes,35660.31,No
CUST00635,55,Female,Spain,630,6,115247.93,4,Yes,No,93093.62,Yes
CUST00636,45,Male,Germany,601,7,158041.37,2,Yes,Yes,117968.79,No
CUST00637,33,Male,France,621,3,157539.6,2,Yes,No,101791.47,No
CUST00638,61,Male,France,590,5,65486.58,2,Yes,Yes,103169.47,Yes
CUST00639,18,Male,Germany,541,4,131907.17,4,No,No,105435.23,Yes
CUST00640,45,Male,Germany,600,6,83863.1,1,Yes,Yes,174501.3,No
CUST00641,40,Female,Germany,599,2,145011.39,4,Yes,Yes,24041.81,Yes
CUST00642,40,Female,France,560,3,119359.86,2,Yes,Yes,50986.17,No
CUST00643,42,Female,France,578,5,31154.38,1,Yes,Yes,125457.55,No
CUST00644,34,Male,France,666,2,51232.08,2,No,No,15798.99,Yes
CUST00645,48,Female,Spain,735,7,61956.81,2,Yes,No,72830.52,No
CUST00646,20,Male,Germany,613,10,48660.76,2,Yes,Yes,47211.99,Yes
CUST00647,53,Male,Spain,680,5,121391.56,1,No,Yes,100954.39,No
CUST00648,36,Male,France,729,2,80912.41,1,No,No,24713.45,No
CUST00649,36,Male,France,701,3,42358.87,2,Yes,Yes,124221.39,No
CUST00650,50,Female,Germany,566,9,85319.29,1,No,No,165981.14,Yes
CUST00651,23,Female,France,625,6,61436.17,1,No,Yes,69111.39,Yes
CUST00652,28,Female,France,850,10,56428.08,2,Yes,No,32733.25,Yes
CUST00653,48,Female,Spain,534,0,87275.78,2,No,Yes,87967.87,No
CUST00654,29,Female,Spain,730,2,115857.52,2,No,No,123703.07,Yes
CUST00655,44,Female,France,724,1,22200.24,1,Yes,Yes,174665.99,No
CUST00656,41,Male,Spain,672,9,90961.51,1,No,No,39769.88,Yes
CUST00657,49,Female,Germany,850,4,51868.72,4,No,Yes,117812.43,No
CUST00658,45,Male,Spain,697,0,94867.24,1,Yes,No,121709.16,No
CUST00659,27,Male,France,721,5,127118.23,1,Yes,Yes,60191.14,No
CUST00660,41,Female,Spain,712,1,78690.19,3,Yes,No,38726.42,Yes
CUST00661,43,Male,France,550,2,67046.39,1,No,No,47270.21,No
CUST00662,51,Female,France,659,7,61420.41,1,Yes,Yes,27840.7,No
CUST00663,55,Male,Spain,715,1,41547.84,3,Yes,Yes,45361.08,Yes
CUST00664,32,Female,Germany,686,10,70493.75,2,Yes,No,46209.43,No
CUST00665,38,Male,Spain,751,10,29106.41,2,Yes,Yes,72890.09,No
CUST00666,51,Female,France,620,7,40110.49,2,Yes,No,90439.32,No
CUST00667,46,Female,Germany,611,4,3470.9,1,Yes,No,131318.03,Yes
CUST00668,58,Female,Spain,676,1,70399.14,2,Yes,No,181750.76,Yes
CUST00669,41,Female,Germany,780,3,119022.53,3,Yes,Yes,174436.81,Yes
CUST00670,30,Female,Spain,473,6,133847.19,1,Yes,Yes,51666.38,Yes
CUST00671,41,Female,Germany,450,4,3692.12,3,Yes,No,71595.68,Yes
CUST00672,40,Male,Germany,589,1,92095.32,3,Yes,Yes,180308.97,No
CUST00673,34,Male,Spain,687,3,79466.92,2,No,No,113842.76,No
CUST00674,39,Male,France,644,5,157538.93,1,Yes,Yes,39527.03,No
CUST00675,43,Male,Germany,552,4,122477.64,2,Yes,Yes,179338.35,Yes
CUST00676,38,Female,Spain,577,0,42123.4,1,Yes,Yes,120186.22,Yes
CUST00677,52,Male,France,709,1,59329.09,3,Yes,No,189729.21,Yes
CUST00678,45,Male,Spain,597,6,17405.43,2,Yes,Yes,38528.9,Yes
CUST00679,45,Male,Germany,698,10,7098.39,2,Yes,No,166226.15,No
CUST00680,25,Male,Germany,648,4,144242.0,4,No,No,87354.04,Yes
CUST00681,32,Female,France,648,0,21791.46,3,No,No,155009.4,No
CUST00682,53,Female,Spain,615,6,93687.41,2,Yes,Yes,119041.72,No
CUST00683,39,Male,Germany,688,8,114858.65,2,No,No,68993.84,No
CUST00684,26,Male,Germany,517,6,114944.96,1,Yes,No,118577.6,Yes
CUST00685,26,Male,France,744,0,126946.96,3,Yes,Yes,43531.56,No
CUST00686,22,Female,France,828,8,138059.37,1,Yes,No,88884.52,Yes
CUST00687,31,Female,Germany,710,1,115855.3,1,Yes,No,182214.93,Yes
CUST00688,28,Female,Germany,728,5,113015.41,3,Yes,Yes,179065.72,No
CUST00689,38,Female,Spain,602,1,26940.08,4,No,No,155618.84,Yes
CUST00690,36,Male,Germany,752,4,91431.35,4,No,Yes,124233.92,No
CUST00691,39,Male,France,547,9,37364.71,2,Yes,Yes,89628.27,Yes
CUST00692,40,Male,Germany,504,4,60757.24,2,Yes,No,114218.93,Yes
CUST00693,47,Female,Spain,633,5,3707.29,1,Yes,No,141685.43,No
CUST00694,46,Female,Spain,727,8,4818.22,2,Yes,No,34849.37,No
CUST00695,31,Female,France,627,2,154055.2,2,Yes,Yes,192264.39,No
CUST00696,43,Male,France,643,5,58156.45,2,No,Yes,81327.26,No
CUST00697,28,Female,Germany,832,9,68267.47,1,Yes,Yes,169482.0,No
CUST00698,37,Male,Germany,756,1,127039.28,2,Yes,Yes,158991.88,No
CUST00699,40,Female,France,701,3,47962.28,1,No,No,122493.22,No
CUST00700,51,Male,France,648,5,55738.31,2,Yes,Yes,120436.01,Yes
CUST00701,56,Female,France,652,9,97025.91,1,No,No,62629.09,Yes
CUST00702,24,Female,Germany,766,10,111707.95,1,Yes,Yes,197354.71,No
CUST00703,36,Female,Germany,509,5,66631.3,4,Yes,No,83706.67,No
CUST00704,51,Male,Spain,716,1,94672.89,4,Yes,Yes,120910.31,Yes
CUST00705,60,Female,Germany,687,8,131486.68,1,Yes,Yes,154363.05,Yes
CUST00706,44,Male,France,698,2,82773.77,3,No,No,79287.72,No
CUST00707,36,Male,Spain,615,9,125409.61,2,No,No,79829.35,Yes
CUST00708,47,Male,Germany,658,0,109406.21,1,No,Yes,86250.27,Yes
CUST00709,18,Female,Spain,586,6,65110.25,3,No,No,66523.1,No
CUST00710,38,Female,France,643,7,136411.19,1,No,Yes,185398.05,No
CUST00711,33,Female,Spain,549,9,131172.37,2,Yes,No,69065.68,No
CUST00712,36,Female,France,506,7,72421.51,2,No,No,181564.82,No
CUST00713,61,Female,Germany,677,5,144354.64,1,No,Yes,81322.1,Yes
CUST00714,42,Female,Spain,669,5,42021.89,2,Yes,Yes,169901.61,No
CUST00715,54,Male,Germany,710,6,64737.84,3,Yes,No,76343.25,No
CUST00716,45,Female,Germany,804,1,93236.27,1,Yes,Yes,38800.18,Yes
CUST00717,40,Female,France,609,8,44614.3,4,Yes,Yes,124757.17,No
CUST00718,31,Female,France,463,9,48967.84,2,No,No,135631.11,No
CUST00719,41,Female,Spain,536,7,53542.3,2,Yes,No,35939.45,No
CUST00720,47,Female,Germany,651,10,15665.12,3,No,No,44612.25,Yes
CUST00721,60,Female,Germany,683,1,135630.74,2,Yes,No,120922.58,Yes
CUST00722,34,Male,Spain,663,3,98726.45,3,No,Yes,87632.84,No
CUST00723,44,Male,France,647,1,85229.81,2,Yes,Yes,135564.12,Yes
CUST00724,27,Female,Spain,590,1,145989.35,1,Yes,Yes,188895.12,Yes
CUST00725,30,Male,Germany,675,3,0.0,1,Yes,No,192746.94,Yes
CUST00726,28,Female,Spain,700,3,33965.32,1,Yes,No,59142.31,No
CUST00727,41,Female,France,610,7,54835.0,1,Yes,Yes,174751.11,Yes
CUST00728,27,Male,Spain,639,1,12123.9,1,Yes,Yes,151740.34,No
CUST00729,40,Male,France,693,3,251046.54,4,Yes,No,64941.93,Yes
CUST00730,24,Female,Spain,832,7,52570.56,1,No,Yes,71993.67,No
CUST00731,47,Female,France,645,4,78879.52,1,No,Yes,21720.45,Yes
CUST00732,48,Female,Germany,415,6,72105.64,3,No,No,74149.67,No
CUST00733,26,Male,France,677,4,98551.38,1,Yes,Yes,70288.86,Yes
CUST00734,53,Male,Spain,679,2,100640.22,2,Yes,No,69978.77,Yes
CUST00735,30,Male,Germany,718,10,68803.42,4,Yes,Yes,87916.85,Yes
CUST00736,30,Female,Germany,594,2,72374.54,2,Yes,Yes,22638.99,No
CUST00737,42,Male,France,696,7,100746.86,2,No,Yes,174298.89,No
CUST00738,49,Male,Germany,668,0,39327.16,2,Yes,Yes,136741.13,No
CUST00739,42,Female,Spain,706,9,168509.96,1,No,Yes,153251.6,No
CUST00740,38,Male,France,680,5,71636.13,1,No,Yes,62829.03,No
CUST00741,38,Female,Spain,580,0,52202.74,2,Yes,Yes,83516.88,Yes
CUST00742,49,Male,Spain,631,9,10739.08,2,Yes,Yes,144587.07,No
CUST00743,47,Female,France,681,0,69180.53,1,Yes,No,141167.96,Yes
CUST00744,32,Female,France,724,7,78755.55,2,No,Yes,73914.05,No
CUST00745,53,Male,Germany,762,9,148266.97,2,Yes,Yes,75648.84,Yes
CUST00746,34,Male,France,725,10,53617.49,1,Yes,No,19624.89,No
CUST00747,50,Female,France,739,3,144800.62,1,No,Yes,100705.95,No
CUST00748,43,Female,Spain,635,9,109337.2,2,Yes,No,41730.58,Yes
CUST00749,38,Male,France,644,1,71071.95,2,Yes,No,43715.13,Yes
CUST00750,26,Female,Spain,700,6,1413.5,1,Yes,No,193151.28,No
CUST00751,53,Male,Spain,638,7,45331.44,1,Yes,Yes,68026.36,No
CUST00752,39,Female,Spain,717,1,95910.94,1,No,Yes,155372.95,Yes
CUST00753,18,Male,France,557,1,29686.85,2,Yes,No,35390.25,No
CUST00754,41,Male,Spain,671,7,78847.19,2,Yes,Yes,61695.25,No
CUST00755,60,Male,France,671,9,109132.17,2,Yes,No,93498.09,No
CUST00756,34,Male,Spain,742,6,83071.29,2,Yes,No,148412.19,No
CUST00757,49,Female,France,583,6,54290.39,1,No,Yes,183410.93,No
CUST00758,41,Female,France,594,0,30056.9,1,Yes,No,108064.15,Yes
CUST00759,59,Female,Spain,706,0,31890.8,1,Yes,No,75980.15,Yes
CUST00760,32,Female,France,683,9,59890.39,1,No,No,70401.38,No
CUST00761,44,Female,Germany,713,7,3221.87,1,Yes,No,159525.09,No
CUST00762,20,Female,Spain,667,0,80318.16,2,Yes,Yes,26822.52,No
CUST00763,33,Male,France,590,7,62343.27,1,Yes,No,174572.08,No
CUST00764,20,Male,Spain,750,1,91141.09,2,No,Yes,133042.82,No
CUST00765,43,Female,France,589,5,137125.33,1,Yes,No,132895.91,No
CUST00766,34,Male,Germany,679,3,56156.02,1,Yes,Yes,103185.47,No
CUST00767,46,Male,France,820,6,22388.61,2,Yes,Yes,68718.98,No
CUST00768,34,Female,Germany,433,4,107061.14,2,No,Yes,161581.24,Yes
CUST00769,41,Female,Germany,529,7,57321.08,1,No,No,189664.23,Yes
CUST00770,38,Male,France,722,1,67012.94,2,Yes,No,174378.35,No
CUST00771,24,Female,France,598,6,91100.49,1,Yes,No,172660.57,Yes
CUST00772,42,Female,France,508,6,68184.89,3,Yes,Yes,187424.73,No
CUST00773,45,Female,Spain,504,7,101037.72,2,No,No,85936.64,No
CUST00774,37,Female,Germany,590,8,110576.24,4,Yes,Yes,47264.4,No
CUST00775,43,Female,France,652,0,80294.21,2,Yes,No,145779.68,Yes
CUST00776,30,Male,Germany,664,7,116202.84,1,Yes,Yes,55897.4,Yes
CUST00777,18,Female,France,567,2,129830.34,2,Yes,No,74000.94,Yes
CUST00778,33,Female,Spain,603,2,26212.35,2,Yes,Yes,99212.74,Yes
CUST00779,33,Male,France,706,6,63380.7,1,No,No,119835.46,No
CUST00780,43,Female,France,593,3,31699.56,2,Yes,Yes,37520.0,No
CUST00781,44,Male,France,659,5,65265.6,2,Yes,Yes,121924.27,No
CUST00782,47,Female,Germany,606,7,16492.39,4,No,Yes,132837.09,Yes
CUST00783,40,Female,France,574,7,74450.02,3,No,No,155240.22,Yes
CUST00784,27,Male,Germany,763,4,105791.39,1,Yes,No,80693.1,Yes
CUST00785,45,Male,France,676,4,74113.13,1,Yes,Yes,74271.76,Yes
CUST00786,29,Female,France,684,8,113496.11,1,Yes,Yes,36132.02,No
CUST00787,56,Female,Spain,614,4,169724.98,3,Yes,No,187996.26,Yes
CUST00788,24,Male,France,570,9,127051.47,2,No,Yes,155406.31,No
CUST00789,35,Male,Spain,680,0,38737.92,2,Yes,Yes,32602.42,No
CUST00790,37,Male,France,666,2,77186.55,4,Yes,Yes,26485.65,Yes
CUST00791,28,Male,Spain,711,8,63263.48,1,No,Yes,182892.32,No
CUST00792,34,Female,Spain,684,4,75853.03,1,No,Yes,84350.65,No
CUST00793,28,Female,France,619,7,45334.0,2,No,Yes,186678.48,No
CUST00794,35,Female,Spain,656,7,93479.08,2,Yes,Yes,16275.63,No
CUST00795,44,Male,Germany,677,2,94384.28,2,No,No,106845.21,No
CUST00796,30,Male,Germany,712,1,40839.67,1,No,No,51671.17,No
CUST00797,46,Male,France,655,3,7630.58,3,Yes,Yes,50120.88,No
CUST00798,50,Female,Germany,642,1,23089.76,2,No,No,41650.52,No
CUST00799,37,Male,France,566,5,147796.59,2,No,No,119364.58,No
CUST00800,45,Female,Germany,664,6,56234.34,1,Yes,No,76832.92,Yes
CUST00801,43,Female,Spain,697,9,58320.44,2,Yes,No,58902.52,No
CUST00802,29,Male,Germany,661,0,0.0,1,Yes,Yes,45838.47,No
CUST00803,24,Male,Germany,623,4,89102.99,2,Yes,No,87108.48,No
CUST00804,54,Male,Spain,464,10,42616.31,3,Yes,No,87199.85,Yes
CUST00805,24,Female,France,713,4,47364.52,1,No,No,84002.12,No
CUST00806,39,Male,France,688,5,34007.73,2,No,Yes,115737.56,No
CUST00807,49,Female,Spain,782,4,72721.61,1,Yes,Yes,132793.12,No
CUST00808,48,Female,Germany,731,10,109184.44,1,Yes,No,159648.15,No
CUST00809,37,Female,Spain,705,4,96308.76,1,No,Yes,105838.94,No
CUST00810,33,Male,Spain,749,2,59212.5,2,Yes,No,132049.43,Yes
CUST00811,66,Male,Spain,659,5,0.0,1,No,No,103355.86,Yes
CUST00812,32,Female,Spain,695,9,112742.19,2,Yes,Yes,64938.55,Yes
CUST00813,52,Male,Spain,653,6,62428.01,1,Yes,Yes,118290.49,Yes
CUST00814,36,Male,Germany,638,5,160680.79,1,No,Yes,33450.53,No
CUST00815,55,Male,Germany,646,6,120877.73,3,Yes,No,39493.68,Yes
CUST00816,37,Female,France,676,10,155052.09,2,Yes,No,175424.14,No
CUST00817,57,Male,Spain,613,7,53963.44,1,Yes,Yes,96876.84,No
CUST00818,41,Male,Germany,680,9,96560.11,2,Yes,Yes,57779.55,No
CUST00819,27,Male,Germany,585,9,61881.2,2,No,Yes,40050.37,No
CUST00820,27,Male,Spain,731,7,0.0,1,Yes,No,37578.81,No
CUST00821,41,Male,Spain,553,4,63392.63,2,Yes,Yes,39876.86,No
CUST00822,39,Male,France,576,7,44423.66,1,Yes,Yes,158269.94,Yes
CUST00823,56,Male,Germany,656,0,92607.51,4,Yes,Yes,121730.26,No
CUST00824,49,Female,France,616,4,102444.61,1,Yes,No,196953.25,No
CUST00825,43,Female,Germany,745,10,117938.03,1,No,Yes,58967.27,No
CUST00826,41,Male,France,646,10,104051.52,2,No,Yes,98016.94,No
CUST00827,43,Male,Spain,686,10,74886.67,1,Yes,No,34262.92,No
CUST00828,33,Male,Spain,789,4,105822.77,3,No,No,110893.36,No
CUST00829,38,Male,France,834,6,63107.24,2,Yes,Yes,116005.31,No
CUST00830,54,Female,France,769,4,0.0,3,Yes,No,123026.18,Yes
CUST00831,44,Male,France,507,1,204338.3,1,No,No,88132.25,No
CUST00832,35,Male,France,714,3,65224.58,1,Yes,No,41553.3,Yes
CUST00833,57,Male,France,688,10,164223.71,2,No,Yes,177804.35,Yes
CUST00834,38,Female,Germany,607,1,149894.83,1,No,Yes,195091.38,Yes
CUST00835,39,Male,Spain,579,1,100054.4,1,Yes,Yes,137107.63,No
CUST00836,50,Male,France,662,8,70108.5,2,Yes,No,72876.55,Yes
CUST00837,42,Male,Spain,642,10,87176.15,4,Yes,Yes,190084.08,Yes
CUST00838,41,Female,France,658,9,96531.62,1,Yes,Yes,89794.04,No
CUST00839,42,Male,France,686,7,80212.88,1,Yes,Yes,55883.93,No
CUST00840,37,Male,France,766,3,111314.15,1,Yes,No,56785.49,Yes
CUST00841,39,Male,France,648,8,166479.21,1,Yes,Yes,135086.56,No
CUST00842,43,Female,France,596,2,92742.96,2,Yes,Yes,125444.14,No
CUST00843,50,Male,Spain,528,10,128046.03,2,Yes,Yes,67892.82,No
CUST00844,47,Male,Spain,628,4,76232.68,1,No,Yes,58201.07,No
CUST00845,41,Female,Spain,527,5,81632.13,3,Yes,No,53112.03,Yes
CUST00846,48,Male,Germany,662,2,69918.63,1,Yes,No,118723.9,No
CUST00847,40,Male,Spain,601,10,30294.75,2,Yes,Yes,28035.57,No
CUST00848,49,Female,Germany,699,6,145982.35,2,Yes,Yes,109466.2,No
CUST00849,36,Male,Spain,552,9,41461.51,1,No,No,135221.11,Yes
CUST00850,30,Female,Spain,808,8,126337.16,1,Yes,Yes,88583.35,No
CUST00851,24,Male,Germany,675,1,78264.62,2,No,No,23750.28,No
CUST00852,30,Male,Spain,629,6,94112.02,1,Yes,No,58718.33,No
CUST00853,43,Female,Spain,625,1,93132.59,1,Yes,Yes,169515.46,No
CUST00854,34,Female,Germany,641,5,79684.78,1,Yes,Yes,24039.3,No
CUST00855,45,Female,Spain,722,0,51632.71,2,No,No,50396.1,No
CUST00856,27,Female,Spain,608,6,106945.37,2,No,No,105275.18,Yes
CUST00857,49,Male,France,551,0,120647.43,2,Yes,No,164058.98,Yes
CUST00858,32,Female,Spain,580,10,102531.84,2,No,Yes,92837.08,No
CUST00859,44,Female,France,730,5,167375.92,2,Yes,Yes,125894.64,No
CUST00860,31,Female,Spain,757,6,57609.95,2,No,Yes,34819.38,No
CUST00861,38,Female,Spain,726,5,143656.17,1,No,Yes,160762.7,No
CUST00862,51,Male,Spain,724,0,75800.08,2,Yes,No,141729.98,Yes
CUST00863,37,Female,Spain,544,5,96139.02,2,No,No,136124.48,No
CUST00864,24,Female,Spain,641,8,148538.32,1,No,Yes,141478.56,No
CUST00865,40,Female,Spain,639,4,91898.93,1,Yes,Yes,157636.98,Yes
CUST00866,38,Male,Spain,508,5,66094.03,1,No,Yes,63381.05,No
CUST00867,23,Female,France,674,3,61618.84,2,No,Yes,114054.07,No
CUST00868,27,Female,Germany,604,0,0.0,2,Yes,No,43639.96,No
CUST00869,37,Male,Germany,625,6,91473.41,1,Yes,No,41699.77,Yes
CUST00870,27,Male,Spain,657,4,166625.14,2,No,No,94888.7,No
CUST00871,35,Female,Spain,611,5,84608.62,1,Yes,Yes,84194.18,No
CUST00872,46,Female,Germany,641,9,176239.11,1,No,Yes,166906.27,No
CUST00873,47,Female,Spain,625,8,109312.03,3,No,Yes,151748.57,No
CUST00874,45,Female,Spain,634,6,102954.47,2,Yes,Yes,131365.23,No
CUST00875,33,Male,France,720,7,0.0,2,Yes,No,186424.21,No
CUST00876,40,Female,Spain,666,7,15932.01,2,No,No,193660.47,No
CUST00877,26,Female,Germany,557,0,137557.99,1,Yes,Yes,164210.85,No
CUST00878,49,Male,France,586,2,110479.59,2,Yes,No,74686.51,Yes
CUST00879,40,Male,Spain,624,2,38037.74,2,Yes,No,139486.56,Yes
CUST00880,35,Male,Spain,654,5,48487.7,1,Yes,No,33846.81,No
CUST00881,56,Male,France,686,0,41899.23,1,No,Yes,22402.79,No
CUST00882,55,Male,France,560,0,34869.1,1,Yes,Yes,176803.59,No
CUST00883,19,Female,Germany,646,0,127835.72,1,Yes,No,63242.6,No
CUST00884,27,Male,Spain,625,5,44714.69,1,Yes,No,120370.22,No
CUST00885,38,Male,Germany,604,9,25046.93,2,No,Yes,23578.54,No
CUST00886,31,Male,Germany,571,4,119809.65,1,No,Yes,100917.83,No
CUST00887,44,Male,Germany,576,0,111336.36,1,Yes,Yes,148334.88,No
CUST00888,27,Female,Spain,609,6,31467.04,1,No,Yes,159261.5,Yes
CUST00889,41,Male,Spain,669,0,39001.66,1,Yes,No,111941.28,Yes
CUST00890,39,Female,France,654,9,139012.7,3,Yes,Yes,174761.92,Yes
CUST00891,28,Male,Spain,665,3,162134.3,1,Yes,Yes,185268.54,No
CUST00892,56,Female,France,557,4,26261.38,2,Yes,No,36393.46,No
CUST00893,44,Male,Germany,536,4,28124.89,1,Yes,Yes,38993.08,Yes
CUST00894,33,Male,France,698,5,12529.68,1,No,Yes,109683.2,No
CUST00895,39,Female,Spain,621,1,180831.06,2,Yes,No,183488.96,Yes
CUST00896,44,Male,Spain,596,6,140592.9,2,Yes,Yes,120272.82,No
CUST00897,27,Male,France,603,1,127942.18,1,Yes,No,93339.24,Yes
CUST00898,45,Male,Germany,704,2,35439.88,2,Yes,No,181741.4,Yes
CUST00899,22,Male,Germany,692,8,54760.22,1,Yes,Yes,15440.23,No
CUST00900,47,Female,Spain,626,7,93664.95,1,No,No,74075.33,No
